{
  "learn_identity=False,         enforce_balance=False,         probabilistic=True,         variational=False,         learnable_seasonal_weight=False": {
    "MSFT": {
      "net_income": {
        "lstm": 42966964561.88317,
        "global_mean": 43699569583.333336,
        "last_value": 49688333333.333336,
        "seasonal_naive": 20605211666.666668
      },
      "balance_sheet": {
        "lstm": 25096473721.270264,
        "global_mean": 12006772741.402117,
        "last_value": 11407047619.047619,
        "seasonal_naive": 12214941071.428572
      },
      "bs_pct_error": 5.882421838228733,
      "probabilistic": true,
      "variational": false,
      "calibration": {
        "calibration_error": 0.22,
        "sharpness": 4.330379962921143,
        "crps": 1.0359480896271496,
        "coverage": {
          "0.5": 0.2777777777777778,
          "0.68": 0.38095238095238093,
          "0.8": 0.5317460317460317,
          "0.9": 0.626984126984127,
          "0.95": 0.7936507936507936,
          "0.99": 0.8888888888888888
        }
      }
    }
  }
}
