{
  "learn_identity=False,         enforce_balance=False,         probabilistic=True,         variational=False,         learnable_seasonal_weight=False": {
    "AAPL": {
      "net_income": {
        "lstm": 41617286502.3553,
        "global_mean": 26660647012.578613,
        "last_value": 25226666666.666668,
        "seasonal_naive": 18833921383.647797
      },
      "balance_sheet": {
        "lstm": 20587213554.58008,
        "global_mean": 9956327606.752731,
        "last_value": 9353798245.614035,
        "seasonal_naive": 8103577126.779211
      },
      "bs_pct_error": -5.62753346426176,
      "probabilistic": true,
      "variational": false,
      "calibration": {
        "calibration_error": 0.0372514619883041,
        "sharpness": 4.425974369049072,
        "crps": 0.7281487509543522,
        "coverage": {
          "0.5": 0.47368421052631576,
          "0.68": 0.6052631578947368,
          "0.8": 0.7543859649122807,
          "0.9": 0.868421052631579,
          "0.95": 0.9210526315789473,
          "0.99": 0.9736842105263158
        }
      }
    }
  }
}
