item_j \ item_i,i=1,i=2,i=3,i=4
j=1,0.00000,-0.01571,-0.16000,-0.17594
j=2,-0.47737,0.00000,0.00776,-0.01149
j=3,-0.17147,-0.15904,0.00000,-0.02977
j=4,-0.02135,0.00143,-0.45372,0.00000
