item_j \ item_i,i=1,i=2,i=3,i=4
j=1,0.00000,-0.01814,-0.15641,-0.17557
j=2,-0.46713,0.00000,0.01520,-0.01159
j=3,-0.17258,-0.15741,0.00000,-0.03354
j=4,-0.02714,0.00315,-0.46552,0.00000
