method,parameter,estimate,true_value,bias,abs_bias,status
BLP + Cost IV,sigma,1.360212,1.500000,-0.139788,0.139788,success
BLP + Cost IV,beta_p,-1.000595,-1.000000,-0.000595,0.000595,success
BLP + Cost IV,beta_w,0.634713,0.500000,+0.134713,0.134713,success
BLP - Cost IV,sigma,3.088462,1.500000,+1.588462,1.588462,success
BLP - Cost IV,beta_p,-1.008174,-1.000000,-0.008174,0.008174,success
BLP - Cost IV,beta_w,0.550261,0.500000,+0.050261,0.050261,success
Shrinkage,sigma,1.533333,1.500000,+0.033333,0.033333,success
Shrinkage,beta_p,-1.017875,-1.000000,-0.017875,0.017875,success
Shrinkage,beta_w,0.497811,0.500000,-0.002189,0.002189,success
